0,1,2,3,4,5
0.0,0.36220157722254936,0.0,0.5693116480619455,0.5448546772483859,0.3141342588963435
0.03668293916001465,0.6910130794587566,0.046925033050314396,0.5940728066775611,0.6383964619181227,0.6184169419688852
0.12218008846000306,0.8168882318214628,0.13669856125694832,0.5016335501519131,0.5916199501961245,0.7607664065747098
0.2581648236705832,0.43881545327479315,0.2590595755819246,0.24405870089592038,0.2974913931913813,0.4156082861220987
0.41737258213525236,0.08484345838431033,0.4091768961048532,0.09608106651052575,0.10537636130158483,0.07963235218086552
0.5992573692518077,0.3420859986799303,0.586535004782237,0.2904695014723211,0.34950062740088444,0.3462955899584448
0.7928124773854063,0.93102140770742,0.7847218903372422,0.6331740858354524,0.7699671088643402,0.9098359072545423
0.9181404597178605,0.9665450150623203,0.9276499489371763,0.6717555436275772,0.7770020946311226,0.8846454070322627
0.9919495684243655,0.3611524655920438,0.9977767785687988,0.3651684290455387,0.324911254493905,0.3297911411867342
1.0,0.0,1.0,0.28792136912999666,0.17108454907801984,0.0
0.9393229279375498,0.4285834810789473,0.9376039777066156,0.6253128191356744,0.6064113543906335,0.3273269158249489
0.8241323338532021,1.0,0.8075864725359302,0.9082007012314574,1.0,0.8616043511569585
0.6723253350038535,0.8891075311568596,0.6279920240822324,0.6720162258161515,0.7526284321860408,0.8552090003116144
0.5073125143376094,0.3520458354926329,0.4469444545530968,0.24107013428032922,0.2683044444646212,0.3778332502256945
0.363539673972578,0.1303213262500805,0.31165447133607477,0.03162776398814769,0.07056233972066638,0.14019036341405247
0.2552441605992014,0.38471803359882517,0.21644248468370283,0.12378256421953006,0.22500160076342504,0.44437635478067944
0.1975022895696479,0.7013723122037769,0.18525431938869305,0.37072407436955973,0.5036937317627318,0.7117019379756915
0.1961035478853022,0.726852992046234,0.2008702965298564,0.5701474167632342,0.6579772000498479,0.6036160125567216
0.23429360785268807,0.5513723637731495,0.24732927518881165,0.6595896916177714,0.6436925879838467,0.39704192590872384
0.3003274880642637,0.42955555086123004,0.3118692516517089,0.655258746139346,0.5733787097100644,0.38511465103480397
0.3642967670347802,0.47929791155062995,0.3672582577484208,0.6077834920011402,0.5486311240588745,0.47892875903137233
0.41250119318226924,0.591671891890963,0.4053117996452209,0.5432320140448337,0.571025880379645,0.5278849820963902
0.4532080651672522,0.6395652406307982,0.43703155245073805,0.46710466646642307,0.576667402454832,0.5271725886081272
0.4795698793675387,0.561526136742576,0.4611038843556173,0.3634385572987276,0.47981948354262105,0.5157421865643587
0.50845327656029,0.418661691976984,0.4897741422036734,0.24662107694415092,0.3139519126331509,0.4555998984405965
0.5399841619763267,0.39175844423275274,0.5301829558663778,0.25501610274039904,0.2837806725040725,0.4128190534004837
0.5694315137895737,0.5428880716425872,0.5836746546282406,0.438756680570034,0.4645627592637342,0.48310154295188446
0.6060019206673666,0.6840767412392894,0.6431808139176695,0.6435422569765388,0.6802381569444287,0.568290035987624
0.6368610358171841,0.6221135492303921,0.6868171705558692,0.6704639940674945,0.6854142522074507,0.5251124534230636
0.643982986405125,0.4615180771612329,0.6950369712219379,0.5601723194117675,0.546939042463509,0.4130470244014948
0.6334105354520576,0.45425731843503914,0.6791136674325327,0.4687447117275421,0.48138255614019704,0.4267326926555523
0.6180704134665929,0.5500491648150381,0.651199122190739,0.38795968276596027,0.4541030711681995,0.5510547622545463
0.5890447710255877,0.552103793178493,0.5984559010734235,0.3126452389125873,0.4106552192248525,0.5658319026759348
0.5549925025334447,0.5203187999792986,0.5446436263002162,0.33513824936940656,0.4343852489125649,0.43796779039620387
0.5393569114166444,0.5417212422952866,0.5118656532270367,0.3987105139872577,0.44812761081401337,0.39446410921306113
0.5336079303155101,0.5077408596420728,0.47261626676376606,0.4377244201673181,0.4057059936535958,0.5315207068435671
0.5049177260570855,0.4685161558571713,0.4291191806108063,0.6036037408591797,0.5657042309243323,0.60699831597305
0.4705991806979648,0.5911306436740376,0.3946882291333795,0.8006478773769518,0.8449382098700073,0.4851726170193856
0.42470167682698345,0.7004788790752278,0.3482794842113978,0.682344995388906,0.764007794749218,0.376013070758658
0.36114351070171774,0.577379625367073,0.29857382570942576,0.31264833307508616,0.3637693975397369,0.4505367242994868
0.3142602979731775,0.3702898097979829,0.26689328655132405,0.08069731401571276,0.11016848930762325,0.566604125446998
0.29768956549326847,0.34894548722497676,0.2755684206800925,0.1972768054506888,0.23984225268171053,0.5481501704157979
0.3181047543696859,0.5119626692923346,0.31977702437547617,0.4679288082164073,0.5348544658913229,0.45081109151575305
0.3690767229258362,0.7025880843666416,0.39199302538266145,0.6987429709865929,0.7673256956872025,0.4397734282620095
0.44583213069227456,0.7206662756063869,0.48494428010928275,0.6800702935198206,0.7158679718610608,0.5076104994200467
0.5190270681087181,0.5116576597047876,0.5766074370469461,0.4863691152598854,0.48926114293803696,0.5316382755158675
0.5798809411437805,0.3174412560794862,0.6525388816015844,0.29155132840792225,0.29572745038177606,0.4788871729516884
0.6275733576175899,0.41895748343755146,0.7094723494436621,0.3097065944429537,0.3532841450992536,0.4540922673581778
0.6564056753669046,0.6726463861870158,0.7422970244143348,0.4680529699611357,0.5387197459966978,0.46102575689204367
0.6776302161221482,0.7036891113110122,0.731262367088586,0.5572158485599238,0.5947723855565107,0.5158804474905601
0.6910570989647119,0.4766954218262202,0.6848656616849262,0.5412071316547128,0.5301503011572136,0.5657198559351103
0.6673198751347832,0.33606370737639507,0.6144727044567594,0.5734330811325203,0.5891669682325811,0.49962350522499194
0.6267278689706481,0.5260475502769462,0.5375344118164496,0.5820591017443811,0.6632892705071678,0.37258549787346873
0.5634265196996917,0.7223436813152802,0.43937358866111387,0.3616324729231578,0.4327189598671213,0.43348383633156146
0.47543815544966406,0.6295162377625484,0.34366310122024535,0.15515064124951145,0.16920843382376521,0.6172130653173736
0.36596066375512115,0.4024912948240594,0.2720394499213192,0.28823978724288135,0.3064204718500413,0.5907347469505618
0.29471708166942323,0.45404245446958197,0.243046682337168,0.6361194862984507,0.6993097139620088,0.4365448081847793
0.26431300611118286,0.5964569007863919,0.25230267710151477,0.7513819146587082,0.8119612229238549,0.3856597043695366
0.25703647861603884,0.5617777895277448,0.2826248776281477,0.5737005535553187,0.5895294026561032,0.4610153484952837
0.2884232557836223,0.4720914144078413,0.34306234671006997,0.36791296068731744,0.37588395772299066,0.5266953838813769
0.3509379153534485,0.5378485446296506,0.42270672903474305,0.32211672500685357,0.375977624302988,0.5486475002962274
0.42651099482362204,0.6270957354869957,0.5086671378130002,0.3690584004422585,0.4487557126868508,0.543802023419809
0.5066945299573137,0.535238155078267,0.5784463739346025,0.40809275247998744,0.4495854959123678,0.4875720978075814
0.5780722405253695,0.41729621063069167,0.6257354222024709,0.5430163090122196,0.5426265954484877,0.3898981999332572
0.640265413692218,0.5063995246589548,0.6591279719701331,0.7236885854028097,0.7317405047749717,0.3943725154136934
0.6789042748235933,0.6982150263063182,0.668017756627333,0.7401050746639607,0.7651818634613115,0.5458275061741937
0.6955687184732412,0.6766752758355442,0.649577088651776,0.49004624473667524,0.5088906233830756,0.6317053792216651
0.6784598088337034,0.45124138007291636,0.6299599399177017,0.25265851877614154,0.28814217231521233,0.476893623547961
0.6559014288751571,0.3753994055151178,0.6139360100858705,0.2223992711680361,0.30742690679754614,0.3542626626555634
0.6328621238565185,0.5179289295545555,0.604762591031607,0.3647531604023922,0.4765171302941743,0.4501149451804063
0.6216458271258174,0.6152611967627996,0.5995101856139625,0.4672906382035727,0.5312178429024527,0.6203797891849026
0.6022426348285956,0.5234899736907886,0.575608712716087,0.5100173853501612,0.48733900780199474,0.5889580107088066
0.5681037952251732,0.4800103218926462,0.5436473646806157,0.6214689225603551,0.5817645870961428,0.3726853781065181
0.5232623551385752,0.6000641550703351,0.5075701401597568,0.7434434548285034,0.7712492942721657,0.31810980995146965
0.465737323053899,0.6740091332570337,0.45578733690643763,0.6400704685220263,0.7083787599361904,0.5290552074150365
0.3880609476884032,0.5452609488056613,0.3843577863182341,0.34221527267714913,0.3864634444752546,0.6976640501539759
0.3418967697237648,0.4148659033508922,0.3488331714574218,0.16923667557412525,0.1878767114078108,0.5430752586841392
0.3248905876641807,0.4104657071007616,0.33341968087446616,0.25269399421010724,0.28555717065674474,0.3737653133171187
0.332887426488552,0.5062723111423724,0.3399448716404105,0.47764951697599684,0.5551661933648954,0.4021274970473142
0.37087380282038707,0.6163301327678989,0.3779671886020374,0.6265849287973101,0.7346072768490157,0.5026510127910127
0.42466562543985614,0.6541180481936683,0.43551122095402156,0.5676808024200138,0.6458829425535169,0.526614231988845
0.48680162053563475,0.5508445417145909,0.49926979826841666,0.3739974254059983,0.3746556471921887,0.5165484714939527
0.5422775813199517,0.4011264291962627,0.5518190591850469,0.26043326096466834,0.2050648673822336,0.5263517608319453
0.5855777748602108,0.3907578737911915,0.5887698249181064,0.37647677282125935,0.3455796223267375,0.4827119235076012
0.6038160770556329,0.5447339600165536,0.5977073469056895,0.6239354388433508,0.683489563869634,0.4397655084957171
0.5988622757319944,0.7097759986652471,0.5842758190954231,0.7503097961543672,0.8642668143497328,0.45322002404660244
0.56288654978641,0.6774414226460387,0.5397484946178978,0.5835955644361042,0.6616832897271367,0.5223940645793763
0.5065351753990595,0.46335745541198115,0.48013574308218365,0.27104857538887095,0.2808880078063595,0.5264513114168885
0.45429411589286783,0.3178243056741496,0.42427905962913515,0.11325386310799793,0.10485631735831115,0.4816360754713423
0.4122630292200505,0.4115988017817946,0.3837209158209184,0.2651543993149948,0.30698455310565864,0.4805257600274038
0.390222039134391,0.6265527900629179,0.36714782763845666,0.5357152360898368,0.6328645669795219,0.49412741695374873
0.393855052695346,0.6882437113222728,0.3740621913817292,0.6367591626125574,0.7171604200392021,0.46979662023288393
0.4154527180134227,0.5584094949910658,0.3987068640809994,0.5407443425114347,0.5605290277647972,0.46694533927176846
0.44018413226093867,0.41542399011232894,0.43546825946838474,0.4157863712206893,0.4114866179820276,0.5089858607600376
0.48233874202689625,0.4404816161519819,0.49000376742082535,0.374501724459184,0.3924585892456586,0.5238720073507859
0.5226668480406682,0.5618344578006214,0.5373941029138813,0.4036075813750343,0.4565141628444669,0.4944477439188112
0.5564856517398644,0.6156947042812978,0.5704065068246768,0.45456679331781114,0.5190427104795936,0.46078229819122807
0.5861125669919057,0.5538294736370807,0.5886981402017704,0.48676459924494075,0.5318111018055502,0.4575694427460413
0.5956655051063044,0.4830137168849395,0.5940420913730955,0.5075006984927127,0.5383051515209601,0.48861878184530055
0.5868491419875033,0.49806766222984333,0.585161459931828,0.5051528753210227,0.5375284821296561,0.5363021882613679
0.5639344059774464,0.5553101870020121,0.5597712612665858,0.4693509012446833,0.504229152766065,0.5046194628619722
0.5313874716343796,0.5713586591860836,0.525779922033981,0.4263302973151366,0.46086953291697813,0.46131476168938906
0.4985388647604455,0.5308026491153932,0.4939817699185557,0.4221823503202225,0.45511107592461864,0.4648762723952203
0.475515581631114,0.4999628662334962,0.4662506761749875,0.4501514883902678,0.4851115461183595,0.49015171149844367
0.4608609287314092,0.523063453343802,0.45599684892706666,0.5049387182356524,0.5566507833290163,0.4980855582266139
0.46158967479877644,0.5466040414780793,0.4598747544045183,0.49829289628738915,0.5610792057503634,0.5011470014320012
0.47289516638551543,0.5468883678800309,0.4760887241058922,0.423056681139733,0.47471814359701375,0.5000057350218746
0.4950061043731215,0.531243508929885,0.504960820422073,0.34963179540013756,0.3869828610119062,0.46359936778358923
0.5240349180146462,0.5217922519870343,0.5342451739737643,0.38131949836802276,0.4141313293982732,0.476354557839059
0.5532334303597054,0.5061646079038365,0.5552769606654488,0.49086743304603825,0.5258912355038273,0.5292801858004524
0.5728989741389443,0.5180420734152092,0.5646329243965101,0.5876573705471334,0.6192935148686096,0.5380993357008907
0.5753130057345994,0.5665856492988527,0.5560954808759376,0.6102336692757175,0.6273890044675654,0.4277751477781889
0.5575109021603533,0.596893941655338,0.5247207383018353,0.5496719058114632,0.5612659893569862,0.3900752579118032
0.5186002380409575,0.5577586331095274,0.4846010041280609,0.45821132891746463,0.48122313084818646,0.524045234027184
0.4705223429212557,0.5003426722110957,0.4385419770019992,0.3822446290113876,0.4305214445529837,0.6333604735377019
0.4224927889999121,0.5038742990268175,0.4085925501129604,0.3627041537159382,0.4356341875115464,0.5001852077932103
0.394161006163527,0.5378424593769826,0.39310646601648735,0.3727942787666114,0.44522419035927974,0.3791176568470155
0.3878064887176322,0.5028042339811546,0.3894624332321435,0.3824668230205426,0.42866503146645957,0.44984546483969723
0.4000909048080669,0.46049669355803,0.40336364239373756,0.4400565843740361,0.4686373181185406,0.5530694348537218
0.4273082694105343,0.5373437955444771,0.4314917777144659,0.543163420259305,0.5788639754655376,0.5137901444171419
0.4598053437232509,0.6577444247876703,0.46250096758609616,0.6094408727080974,0.6481664216228364,0.45760459851788554
0.4921806225739176,0.6126892796760789,0.48017687781710133,0.5347985774835639,0.5440846269187035,0.48602656285629814
0.507508514438401,0.44783900918655567,0.4870432606373293,0.4388189031417675,0.42213930020897655,0.5148806750328008
0.5137835824962805,0.4198983617160361,0.4914697630107354,0.4394013685682577,0.45479579346357957,0.49885197728140623
0.5121801203054658,0.5636301412848748,0.49226025089258796,0.5050127646937851,0.5880448031952741,0.4728569776251219
0.5033196178497074,0.6563092989638151,0.4913537948111691,0.4664423528545636,0.5763220377369318,0.47723461816988016
0.49375938124627056,0.5745281619600239,0.5003838427311467,0.33726053010857704,0.40840208374472736,0.4738473797710897
0.49453028034970614,0.43691044197656115,0.5141808097662091,0.2726382865213582,0.2806181287617466,0.4870622958089219
0.5143636130981499,0.4142286244404504,0.5379761353914814,0.3959124725400244,0.3793849533290274,0.5160557493926777
0.5423631389434052,0.515519823976836,0.5611993389808058,0.6194244427104673,0.6301335803576662,0.5148362378852315
0.5657355854868672,0.6179568756409923,0.5755066700353648,0.7411903810784581,0.7960843394810647,0.4569274501207818
0.5797567597201944,0.6459832489192764,0.5818689656329213,0.6250638441646735,0.6981165350601101,0.4212290357895262
0.5789315915899179,0.5908723994190074,0.578317950340754,0.3558764235224003,0.40848965318650254,0.48326255131715423
0.5678166428509591,0.47243122783449754,0.5623739051197949,0.14301632097158518,0.16383764353333266,0.599732959555535
0.5447065532163393,0.3688425825849309,0.5324876903539733,0.19372218461470866,0.20882018706876743,0.5744189578149433
0.5229957740054045,0.45451676669423346,0.49926585123698586,0.511410141554056,0.5606026982249671,0.38294364148735205
0.4988511792075067,0.6422414864246238,0.4690176676800122,0.7817297204645887,0.8529434945635141,0.3348467188602801
0.47234661898796937,0.7037868609563689,0.4340519447947758,0.734962570315064,0.7673480939833275,0.5293040598227745
0.4331807783509723,0.5613142944817839,0.38669406964346725,0.46811774108826915,0.4546474227609255,0.6564013367795201
0.39433655404529994,0.4259437678510829,0.36587087850585204,0.2884566052692529,0.2920829368270012,0.5254305599906477
0.3742358479542125,0.4274264129587457,0.3591980330171054,0.26072591715064447,0.31861194444484425,0.41692942565256697
0.37129124598474816,0.5271015103508632,0.3690104079875067,0.3533672680758889,0.4475125472040149,0.44244200509773396
0.39186754125815615,0.5857070020801293,0.3947906976569137,0.48318144981209254,0.5742510427798073,0.49560832121683845
0.4304328230875173,0.5633849568472578,0.4332735235627554,0.5626006124135854,0.6086921840598424,0.5048203383448854
0.47547102520645573,0.5349799908670306,0.48142075045093596,0.5522883396993689,0.5414929853693361,0.5064411285080599
0.5152018337777398,0.534468350688009,0.5261293659781153,0.4995852827985324,0.47270389326044926,0.49365802076151377
0.5485364445522258,0.5323580369317368,0.5649022767125862,0.44209518355614164,0.44908261010033595,0.47992832719119016
0.5726050421870953,0.5069767104228975,0.5904557602873924,0.4016113589506167,0.46892357468269524,0.4865498085970547
0.5905941385351394,0.5039550760782423,0.6069856625938569,0.400599649003603,0.4999827436598727,0.4878163625345701
0.6025359604242976,0.5311574578289806,0.6135047791691469,0.4262816331730516,0.5057156680030337,0.4802566288683665
0.6038802720876563,0.5622055622092198,0.6075919642670567,0.45502285292709316,0.4911356044864438,0.4912881866151527
0.5927298868097636,0.555714185883092,0.5892338016626204,0.477017205457034,0.4772245744542936,0.49372229975027987
0.5674730780286648,0.5187202709125377,0.5511463021252101,0.5021017739970782,0.4937575912550144,0.47508006566272654
0.5265923149279481,0.4983845095511364,0.5023811461223073,0.5378137253347389,0.5593167719189545,0.48331643087145365
0.47877815511641286,0.5358558714122293,0.4514870373520734,0.5316948442834981,0.5911775865038026,0.5102071785372547
0.43310372608623016,0.5811568650997053,0.40504265330033395,0.44541394097658193,0.5161808740395232,0.49972635776712454
0.39752431819377526,0.550887272882619,0.3774262711446671,0.33688205114251085,0.39338153246490615,0.45619174323993716
0.3824786684650714,0.46454814499350633,0.36742873249254,0.29899258708641685,0.3358840618554677,0.4747716362200432
0.39154855409681344,0.45119466383672163,0.37922527204906853,0.375883212858153,0.40756863514709174,0.5241345791435911
0.41923331804227815,0.5547904395660669,0.41424115639460257,0.5330944227117181,0.5798798058339553,0.51711551231262
0.4598401803548868,0.6288311590546433,0.45873397105808006,0.6160033968313755,0.6674335148020153,0.47326087288242397
0.5013734684967364,0.5631485750925315,0.4987370864130209,0.5421275485963852,0.5695686977605335,0.4706480503423535
0.5320085440291875,0.4602508284431222,0.5246083307828572,0.4142035089401008,0.4251215427176706,0.49272119820257165
0.5494950887778065,0.48101998894868303,0.5421384917699638,0.38578861305096734,0.4164178614190756,0.4863032809153407
0.5566114288701214,0.5770306903347048,0.5500687832169887,0.43286625795336886,0.4900664811471765,0.4808305082254367
0.5472093326123559,0.588199362737512,0.5386867350886922,0.47990710822892674,0.5339485272208049,0.5054949803579463
0.5262190512771149,0.5227581826878159,0.5176064876641627,0.49906466987009374,0.5266885614127546,0.5050347747667973
0.5015231978818834,0.49923858823533146,0.4964036141869938,0.5055189784729481,0.5174747649245925,0.47620769093383897
0.4780278277472819,0.5424083773759577,0.48247315133765084,0.4992224001667664,0.5256772734823836,0.4754727398861123
0.464632489166426,0.5471227309343547,0.4774743768513001,0.4579590848317748,0.5175317128559573,0.49861762797535636
0.4663411123020936,0.49790837579871855,0.4812940894439472,0.37212403134762895,0.44928039499679406,0.48538293714605873
0.48369039800235625,0.4802479930697387,0.499406894028688,0.3116193930191267,0.3796607091027239,0.4600732900864939
0.5141235564794845,0.5384532540179419,0.5248284721082536,0.35450978052220733,0.39861085393253515,0.5014203457817247
0.5488152553182069,0.5809022133225278,0.544869719394738,0.4831958056464884,0.4971976774462065,0.5529085674274697
0.5712114554416365,0.5588425696406564,0.5490941813916153,0.6110363705120861,0.6035456906613201,0.4999064273697359
0.5690741561028194,0.5380373978308755,0.5393899321322185,0.6898355083088741,0.6937171874082118,0.4033991202712084
0.5523199216271433,0.5575622897777592,0.5169015918241214,0.6421001027300735,0.6807054213497785,0.43822512627721416
0.5207705506293736,0.5492617571779194,0.4842090643177146,0.44396360706638016,0.5035283486975739,0.5622228701431701
0.48100322456997613,0.49230412929468736,0.45270115321512944,0.22124057026477464,0.281179036351288,0.5657841727075417
0.4543953932771412,0.46838833347207004,0.44193871102636373,0.17469650996847727,0.23495896660734578,0.4673358486765214
0.44396608426284867,0.5041637440186909,0.44585780815403836,0.331942690542233,0.39250103207844433,0.44105175310091554
0.4471766494980924,0.5544394711931909,0.46025004437482653,0.5545397860329151,0.601257252138186,0.47848956426055367
0.4579939731570948,0.5845809257466608,0.47629178779795533,0.6958479683455663,0.7157132474012761,0.4888896118302804
0.4710735513045454,0.5830553318646716,0.4876939189338474,0.6809977493425287,0.6797519529218526,0.49694718466973226
0.4792722005147573,0.5375360212743358,0.48866966020601044,0.5268017301737854,0.5240924114258739,0.5229911267335684
0.4767858987199243,0.4863698187944936,0.4752191984321351,0.3610742307081772,0.38730507647747275,0.4940875710985292
0.46720142207044674,0.5007303452285051,0.46143597029829875,0.29809680071380074,0.37295419479094366,0.45584849451022325
0.4584021490072143,0.5575598173470274,0.449773995664797,0.3329901547247784,0.4325770671629294,0.47632150131110806
0.4556698255042182,0.5604866758290312,0.44525058072369916,0.40004762857793474,0.47136712042021744,0.5098707264559506
0.4556278988047011,0.5064900157704605,0.44469509899581355,0.49977821088572055,0.5182673208115262,0.5027930132086225
0.4605219214426927,0.49068835212176976,0.4419256488575371,0.612540071367152,0.5957872981104527,0.486132467611436
0.46983921787368027,0.5615301200552409,0.4433024303177413,0.6898693268410465,0.6725511794259194,0.46519795819333287
0.4747515102656951,0.6225756768682194,0.4408887374069513,0.6487277463610921,0.6595531125155203,0.47171038126899256
0.478013374601088,0.5783544686990123,0.44482137710513253,0.4622415078687204,0.5054557938401055,0.5025353796570495
0.49227292315854165,0.47931521093943136,0.46534037404139184,0.24426654016246047,0.32443344733600016,0.5002193994167079
0.5219264877832142,0.45455234966916974,0.5213204950744603,0.15790981829347742,0.28394282504111756,0.43591690907894554
0.5821962151681448,0.5215888105345771,0.6098368303267584,0.22929593886223396,0.3578729722507431,0.4596252284697462
0.6602423565646883,0.518858567197602,0.7017244457400379,0.34322509148222846,0.39531363333084185,0.6117959281936646
0.7235920396771379,0.450056584907584,0.7659432577806907,0.495086020209979,0.44240567296756056,0.6180438163795777
0.7545069605711139,0.5364810463944447,0.7909594561937104,0.7815734602559541,0.7082889511896612,0.34931484186624745
0.7380332328652215,0.730497944611103,0.7640222040158485,1.0,0.9962721494911774,0.24364474424206495
0.6591480159940409,0.711024054704433,0.664564317308764,0.836874397075474,0.8791887238504109,0.5173998642850418
0.5230261079520265,0.4475003443355113,0.4993948591550681,0.3308730621343336,0.36216402238888884,0.7770553832948583
0.39077593306156655,0.3512649943663543,0.3515102196561575,0.00633892285667616,0.053403156144097165,0.5932006385992008
0.28021151464331906,0.46827524201451004,0.22636758219903536,0.0327100567701038,0.13231324260192315,0.35447656926372334
0.20653773406075418,0.5643448110879936,0.14779206770943557,0.2745487628811624,0.3918811403870433,0.33897193821881705
0.18569962620269984,0.5482763299290364,0.12893592112990787,0.5263167758533253,0.6135557012067264,0.5016936447969494
0.2140915003100487,0.5467525890506304,0.16805746060947124,0.6840352724027181,0.7215994895033975,0.6007702712284677
0.28005573406763545,0.5681060973424342,0.2546846101326256,0.6646331801654844,0.6483125879221336,0.558895508115206
0.36061325099351127,0.5465823182795166,0.35741586735713554,0.5171097555393327,0.48112247129898456,0.44135291683758204
0.4485526614954261,0.4933698014026953,0.45943817735802595,0.38220207942606893,0.3711659963449602,0.3956422951805239
0.5332110105414881,0.47387507498431414,0.5473242133124723,0.35152404740061605,0.3942847039556493,0.4943322898267681
0.6038005340518947,0.5407163129586622,0.6201737893199111,0.4513152258639734,0.5363334529642351,0.5686096514675556
0.6551190699264604,0.605951149553097,0.6689769337634589,0.556612237231115,0.6420639884277652,0.5177462662346077
0.6789102146853521,0.5852333953808284,0.6907693676282763,0.5416076601944207,0.5935273237976275,0.4427792599292739
0.6784452009339057,0.5072352182447316,0.6925311007050681,0.42882552268950774,0.44699158701195324,0.44820446624354593
0.6632336529474215,0.45756894268858744,0.6762293040276902,0.338251207503312,0.3488088980572939,0.48592524826717737
0.6342307420316451,0.47509212074594687,0.6463020287769008,0.34725743603691894,0.37358378215091204,0.4930060356594118
0.5993211257345028,0.5541154289047063,0.610323999040665,0.45032696049795895,0.49900834367246893,0.5011891097781646
0.5653448071978113,0.6127445161301723,0.5718530096179918,0.544313336032958,0.6031070648035748,0.5270271167061542
0.533570200706352,0.5471362276091853,0.5275843745740239,0.5391861608894059,0.5872823353515524,0.48813052860256473
0.4972241469045351,0.4411403182760077,0.4808560714634198,0.45954063505179216,0.5006663600126543,0.41613458968078865
0.4562849311397388,0.47829927887774215,0.4453573143358085,0.3909010931988138,0.43770493550502604,0.4331080143893601
0.42023384197686536,0.6292183073847867,0.41372768371133634,0.3849250530110683,0.4299282304920493,0.5732697396755206
0.39263526929755943,0.632717872163036,0.3813346996398602,0.41941054440972897,0.44182022888476336,0.6135155684044656
0.36607352333082016,0.46224182785531276,0.35613544129286645,0.5076337474931746,0.5073481188248116,0.4300687417222109
0.3525029278361892,0.3890650924292028,0.3390568833479833,0.6060672874721531,0.6219017640737937,0.3150042887058308
0.3496258147097125,0.548999145341185,0.34001289727589773,0.623544969792563,0.687356547060228,0.4702171348256131
0.3614466011115452,0.7156886774620868,0.3586865443995753,0.46754772888794477,0.5578791377652274,0.6980581586343159
0.3969826333203513,0.6328611580600714,0.39762064307728323,0.24063667290950566,0.31293265175147406,0.622240920836789
0.45464058940221896,0.35470126623255377,0.4555017172668907,0.13620031739016936,0.16743345757696107,0.3165798618466226
0.5332912182113457,0.2636525908473173,0.5225825924927215,0.2797924808087636,0.2859366269765101,0.2407227780611486
0.6129604003374473,0.5312197448545221,0.590314382526551,0.6175157403315832,0.6420062533186435,0.5560012131705832
0.6921552758557442,0.8204044382448827,0.6523024507666915,0.8445633996524676,0.896549054639963,0.803195976915651
0.7104090315911943,0.7236330732958914,0.670047744228834,0.7410086263009641,0.7788506597927812,0.5491922654916418
0.6885978411125566,0.45223048651384,0.6562559296390755,0.42695303680299135,0.43922997124801433,0.26192672344350304
0.6433649555552275,0.3602251715945383,0.6253788690532244,0.20129282790385283,0.21795254851067133,0.36287322339655415
0.5804594301182954,0.4433235663891389,0.5761804592844151,0.1819981657974785,0.219336685822065,0.6209383235869316
0.51354589682356,0.5268999479995977,0.5140555335321013,0.3547649404701985,0.41659745879325705,0.5899791867356157
0.4663318472402353,0.5984252785192994,0.46190345550758827,0.5963059284249269,0.6786518626627273,0.42874308015519574
0.4409399098225322,0.6218634989049927,0.4328539548767376,0.6712244317939491,0.7419599832254962,0.4247117397922098
0.42180296593576194,0.5489776953265884,0.4110565280128719,0.5166424588255354,0.5423980555025344,0.5364790689844791
0.4077746728449748,0.4619957581048215,0.4025060669880455,0.323473160870276,0.3207093947366877,0.5392625133341383
0.4056668826766377,0.46496847532712626,0.4149268172550096,0.2951986346737201,0.3057139678187914,0.4628280601762073
0.41417787837510844,0.5222355215188559,0.428690347510343,0.41589135567548463,0.455089729226218,0.4288375208855055
0.42350481771420195,0.5645477123605069,0.439037754453442,0.565061584507912,0.6217681458075386,0.4716073188437127
0.4281452301786115,0.5827902791006536,0.4418632851240938,0.6324153399995065,0.6884714436833399,0.5142324417712503
0.42563577996203034,0.5877497167028284,0.4391861182390553,0.569170482522158,0.6127406211006826,0.5412296808493466
0.4146616468247827,0.557439391338919,0.431787337337934,0.41432481837845125,0.4371642720828344,0.5182016962137618
0.4056828700018579,0.48032512199840705,0.42027890927262695,0.30576276735232216,0.3149458393636562,0.4398699323308929
0.4032625149071802,0.4106800904287721,0.40753964378134644,0.3544558648843226,0.37697760256133667,0.3799449212679859
0.41183476472454983,0.4758211145380893,0.40260201950917895,0.5191079265842827,0.5732392492869198,0.4801626605774142
0.4404330017080003,0.6483738899649265,0.41677137476632586,0.6248603285645168,0.694811633771544,0.6296685031993224
0.47553130326969534,0.7076922302045769,0.44609202257293523,0.5651302356695252,0.6198150439867954,0.5772593536396657
0.5166927895294006,0.5319363908262603,0.4809433784106983,0.393346606097436,0.42181796618539724,0.37090360942717393
0.5580631720659047,0.37927550571654184,0.5268043971300654,0.2980280177692661,0.32235150318574746,0.3717537881587877
0.6005757147169686,0.4504337480815843,0.5856165845953547,0.3867498812768351,0.4350490367684981,0.5596280025142796
0.6485750133667746,0.608029003501436,0.6491670008915152,0.5232397432323354,0.5717821730910977,0.5864134117748039
0.6891056614788684,0.623993640711944,0.6952143949804775,0.5831956570144579,0.5940931833255411,0.44310651507298754
0.712114644650976,0.525614223813636,0.7206973952153093,0.5891395647669265,0.5891850464664274,0.4161193935747661
0.7105015276385536,0.48377556185496945,0.7261428661014951,0.5998783094198622,0.6444773025324132,0.5373483168920422
0.6880379370585413,0.5468158669430375,0.7089487137320033,0.4926897846385934,0.5730205438468541,0.5523721495384672
0.6403885286666575,0.6108225202377604,0.659430384987173,0.3033326452366122,0.35728874781236075,0.42187294561421823
0.5794474100924555,0.5608991710406336,0.5862610733185059,0.22598021470481847,0.23370645827732797,0.43448864214591815
0.5124334960978076,0.42457845060829774,0.5036628655890559,0.3774646317638517,0.3802310343480988,0.5927431849625193
0.44785090303698394,0.41707513714778255,0.40888202919403865,0.6469294517330176,0.6908833350334129,0.5575270858062468
0.38618667911380083,0.6171324024935048,0.33793432566604714,0.7782889097383012,0.8637004510386571,0.34801210985192343
0.335091963550385,0.7540189226303212,0.2869718379198279,0.607526666423263,0.6704514478330086,0.39115090083670206
0.2954725552143734,0.5772415058730339,0.2387871226881322,0.2559913085515688,0.2512369272375993,0.6483809100621784
0.2732627856109814,0.32674060956385503,0.22378750973038303,0.13450061655870316,0.11980836914638869,0.643622352031568
0.2842300535859122,0.34939702411698986,0.253925005369778,0.36893447236721044,0.4281925196087265,0.4064597052444549
0.31841212449466044,0.5921627972657041,0.30804452152524786,0.6590449699304289,0.7700255386449945,0.3254007315842732
0.3642259853085154,0.7433433602063192,0.37473950976083165,0.6891887796153774,0.7564512093523765,0.49497073671235814
0.42906798349648684,0.637981141997136,0.45390270922243386,0.4710687167093853,0.4515761957884025,0.6129858469002551
0.49391711336880423,0.4069118038568446,0.5308523442367534,0.27789401893199916,0.2271037815741042,0.5401614151219818
0.5593972856522784,0.33296017303545883,0.6036827304484254,0.3151771696316177,0.32859871477409275,0.42358506609530067
0.6146773774522617,0.5008765199077284,0.6571420674990528,0.5298974131824681,0.648426941105172,0.4151383732206832
0.6602397825237799,0.6990617167652539,0.6957197455823421,0.6195540257210029,0.7735906273579111,0.48970768197714243
0.6855034438337908,0.6741519608954856,0.7101770364029425,0.4398971466066677,0.5082689625647571,0.5159463029051231
0.6890591101902395,0.46488107124595884,0.6928672845467325,0.22785630047209351,0.17354898323179202,0.5332483633463433
0.6636679028174108,0.33847646827137207,0.6503636441547954,0.299671672386351,0.22310465539130858,0.5355012927930157
0.6118214676684766,0.47621131871922723,0.5825695685533726,0.6318252839829585,0.6460293224665635,0.4373825864990187
0.5389349138797481,0.69685084581216,0.4968912907488659,0.8437586982475671,0.9507951758727393,0.35636029173944705
0.4519212146095469,0.7040823680698512,0.399961618994647,0.6765660727041235,0.7850046321094688,0.48589501343437064
0.36440433875263933,0.4862080731143804,0.30539252606734857,0.26013770690912974,0.29870423207687286,0.627986814332807
0.303606864052823,0.3328791383194397,0.25629365212896066,0.0,0.0,0.5397815001649833
0.28537853566812327,0.4213629911376181,0.25584530673519773,0.13144141204756787,0.16791162879165925,0.42890697151188856
0.30617791836864117,0.6045177592429943,0.29290886417223144,0.5137652891876535,0.6072030731302437,0.46738689607425626
0.38194263916962445,0.6401823060668899,0.38490583757093766,0.7434175141294366,0.8258725943801223,0.4717174601071749
0.4724811755784874,0.5389566083948321,0.49218238177844637,0.677246231768929,0.6897071378595071,0.4789968280775096
0.5630980471907614,0.49001607928326507,0.5961389683725877,0.48484404450935376,0.46873216289277525,0.5506032134376136
0.6385743474277766,0.5379569527747322,0.6942555079453938,0.37611205324094593,0.4052203189751515,0.5457180393310672
0.6902140387860078,0.5471213637144056,0.7546537504217975,0.3231545768254574,0.38871931658142517,0.427890933222981
0.7118639565515325,0.49373706845742155,0.7677357891248977,0.33317484785149565,0.37829940264873807,0.41976722621996915
0.7130660841188196,0.4848173924073512,0.737561252308373,0.4422565262145656,0.4508121555287517,0.5241832535578924
0.6852066370313168,0.5349492524150317,0.6647529963468434,0.6133559209529188,0.6237338336083743,0.5588955182948935
0.6275448097356123,0.5899541329191864,0.566588892444461,0.6970812144979349,0.7499128128739997,0.4946045332361636
0.536154074592649,0.6149224591405297,0.45396540760824433,0.5678706085025148,0.6493424483542205,0.44025179683429577
0.4331185647947047,0.5608930981843839,0.3444124101700872,0.28858758691019254,0.3424072810980508,0.45642045668973685
0.3299332752338064,0.42638811219533274,0.24875089304569634,0.10892957866400585,0.1169066844824209,0.5163048136372957
0.24787755805447648,0.39236149804592585,0.19186910730805457,0.2637574823458113,0.2711405684488695,0.4987755673886852
0.2108913021282337,0.5464657373777335,0.1809723662893333,0.613454730890464,0.6651081620171349,0.46037085973690434
0.2139300246741957,0.6816637738533243,0.20427830528518237,0.8040695890756943,0.8779970417255031,0.5036512077536653
0.24975323796455035,0.6182365944696279,0.26316820241515865,0.6807821241992091,0.7340239897209726,0.5663074998959208
0.3142598457543087,0.4501011020501768,0.35374189333951883,0.3649391329828006,0.39098523635313814,0.45856518432405236
0.3989817259962176,0.40370209750127567,0.46296830464148986,0.13822957293684446,0.15860070359641762,0.36166912073355134
0.5007553570801166,0.52901402392518,0.5788266859889615,0.18400943175192902,0.22982231915342177,0.4806043097779717
0.6086839368124027,0.6413743844398668,0.686232421105397,0.4637886866896154,0.5331875696542361,0.6422001598560705
0.7176284383771357,0.5755241081389807,0.7728854187649925,0.6904307582344886,0.73287662118179,0.5751170376970224
0.7976390026716179,0.46829219825815455,0.8147768213739347,0.7564009239648503,0.7546411262141008,0.39071936020236725
0.8345446455226545,0.5180532862736134,0.816736029887548,0.692347691007361,0.690002867789771,0.343580001616686
0.8195729824510476,0.6146606545056194,0.7734088569940976,0.4865106609989877,0.504957780971587,0.4847088813640109
0.7514724939282355,0.5729802185227005,0.6831380930460791,0.2464499892860128,0.2797999096558404,0.6316719264903292
0.6472546736452703,0.47391263510637044,0.5729433730239704,0.19467761297052208,0.2624319847676389,0.571310170149998
0.5330019856271492,0.4784886644738444,0.47987294819168835,0.3639408416353939,0.46435314508102116,0.4067392881787522
0.43769711747356155,0.5540516369224856,0.4013828451959,0.5179429847683902,0.5959260888219879,0.4061611225627698
0.36108512565445583,0.5715686874879201,0.33957337336906485,0.5813673657711353,0.5992315228347378,0.5139744460071247
0.31902561421688064,0.5128113667931735,0.30473073138757595,0.5821605411591954,0.5644074746365179,0.5311873874291586
0.30198566466915316,0.4828146301122648,0.29435346710811966,0.5432737039737444,0.5373049142349755,0.48837649112976395
0.2997025315273968,0.5556419796488845,0.29826905792926506,0.4919395212827338,0.533149229564816,0.4838801987764926
0.31438038091888265,0.6406677318405184,0.31990399890195226,0.4343690733092811,0.5187543421708958,0.4745454656497891
0.34479991518652214,0.5819275482583811,0.3591325587680428,0.34840111032368065,0.4210853900010949,0.45992335754825414
0.3951438682430404,0.42984225112467656,0.4076153843634486,0.28411108406101965,0.31317445578411,0.5059476374965102
0.45459104960613206,0.3856983536320506,0.46885220245708475,0.3896455049036221,0.40856381941604697,0.531336480515377
0.5260395048301263,0.5342040961053005,0.5394204656734127,0.5975849314597035,0.6449850015710586,0.4910966705498319
0.5927402347682441,0.6855263843769108,0.6024977999970413,0.668418105265434,0.7174057082307396,0.423150423050352
0.6325118053470058,0.6595376816429477,0.6323545044597593,0.5681432895407588,0.5746933894150157,0.4460004685661676
0.6378909299249557,0.4967675806116728,0.6324948137416165,0.4451227885273259,0.42832781891071503,0.5562011490404387
0.615155828072472,0.39277347339038715,0.6105580274239008,0.39327204741544824,0.3972782017200917,0.5885094778901038
0.5745284424232381,0.465285261025271,0.5671630649149907,0.4080755746485484,0.46814784925437686,0.43161835017008643
0.5201762369141721,0.6221824769197215,0.5201557175437322,0.4544358236301692,0.5736158154710652,0.3359558124558908
0.48157430416867675,0.6541421310984509,0.48290007645531363,0.42139858438939387,0.5359229502123337,0.5121231294939885
0.4586633375186594,0.4816223923267357,0.45017345764014766,0.2893243653301864,0.32243839791131995,0.6736870691722349
0.45231699217694504,0.3685907090504399,0.4459557698693003,0.321955900977844,0.29496381690228807,0.519216890137056
0.46903201680892603,0.49202229798686004,0.46336586196046714,0.5417491209369012,0.5304941673944332,0.3495222591942544
0.4923781689880875,0.6732007851695418,0.4819750036468828,0.7245944692670804,0.7540622357919475,0.43534607323658014
0.5162625398061748,0.6305515967010624,0.49615887114807034,0.6397845342424857,0.6832606237562365,0.5836671488220777
0.5271032022998129,0.47248853669102275,0.5052809989083924,0.45987432661869604,0.49936565678241857,0.5455732263052872
0.5288820200261881,0.45472383255040055,0.5108635707178545,0.331898396754455,0.3856874533222937,0.4435589042139773
0.5278941396098741,0.5634261809394232,0.5214214175312603,0.3005520223055569,0.3790201632571335,0.4375918016038259
0.5194560954170551,0.582923525185628,0.5217852248996356,0.3020196445302543,0.3729908384991237,0.517034618885265
0.5099320190862038,0.4790480256016834,0.5161768284033144,0.3603587060101544,0.3971597507262381,0.5545054958707336
0.509518456082204,0.44210397080768254,0.5106501117609153,0.5088491491400763,0.5205420123781255,0.4941257449022487
0.5010886520057708,0.532647028984365,0.4894304280648431,0.661043556850583,0.6690511683700516,0.43619474472020464
0.481379044288348,0.6352114409775406,0.45450880117260234,0.7017350755524585,0.7137877873180563,0.44783362361087853
0.445524966572329,0.6140928148889682,0.3981817778493297,0.5648111752464275,0.5778681378273399,0.49745714146646064
0.39203130877497133,0.5272717119588892,0.341384310082306,0.4044631067363347,0.43805991804130534,0.5215867287746678
0.3446120974331629,0.48733288680653475,0.29811698957559,0.3164594578528111,0.3915253971590215,0.5250903264110162
0.31389345485976294,0.4967274539983738,0.29274770438972136,0.3071080074954874,0.39602474082115735,0.4844853761889468
0.31669859665610073,0.4915235480686327,0.3177899091307497,0.31991621109249774,0.3754482106513669,0.4604606489238985
0.3588543008575214,0.5015943502260736,0.37907537684381964,0.4183536434266755,0.44180946104843144,0.45378779883295745
0.4395993240303793,0.5518345561689245,0.47426044478988144,0.5743893393804879,0.6025398157366543,0.47925309046351444
0.5419253995775483,0.5842162765080786,0.5861460565585024,0.6354084549053711,0.6828855863152498,0.5084581938499818
0.6408519311253337,0.5690341646033832,0.6840696532684226,0.5470632764185352,0.5918545568389856,0.5104478288920229
0.7209834870305609,0.5383696148883327,0.7574653631713018,0.4153861259499718,0.4450920903973267,0.4921082117822572
0.7674713159375592,0.5074253164741447,0.7986785380637447,0.3509657254514049,0.36452190423494824,0.5043297660291517
0.7787877173892153,0.4981461125621429,0.7944502030786583,0.39982115805336493,0.40682012625153285,0.48545789982269877
0.7513756052310859,0.5293544005851344,0.7515224304052398,0.553949926824699,0.5892315395223179,0.4372776602285625
0.6890946771562068,0.567967366428728,0.6755239501003205,0.6517463726245658,0.721530818184636,0.45258068158865833
0.604699662676713,0.5795294427596972,0.5740352522537507,0.5561912923035645,0.6200227745474133,0.5267108663095623
0.5108395997681476,0.5574355746773004,0.47147918775950887,0.3656647700052656,0.40374553148828335,0.5323619367374599
0.42205076490538357,0.4934246573841111,0.378466320172047,0.2463950485544255,0.2678614155927828,0.5410975166565883
0.3495472268700955,0.4556126798790558,0.3026418779477452,0.2995371116339315,0.32237000423310674,0.5139175935292916
0.3067027139652187,0.4994667774582498,0.26388510100180024,0.49417199420609836,0.5447781000866305,0.3816808428931523
0.29640635130588155,0.5740289493071548,0.2605617513128521,0.6414624065674995,0.7092555822214929,0.367008958029624
0.30679735848659107,0.579644698994638,0.2805753390487316,0.5820782142177126,0.6283665584928851,0.5737600560217284
0.34150353325956107,0.5600190973161702,0.3324216088257164,0.42520765617591677,0.4561574204774575,0.6872966911335853
0.3948203753794327,0.5247776227143648,0.409907176001056,0.3146225618306533,0.3530622965116256,0.48123616352798515
0.45858275713320307,0.4701122315521042,0.48705300232054766,0.2917043195426435,0.3293496744220431,0.33013719483864207
0.5245004745314602,0.45514755294168785,0.5529591526358776,0.3966541710628379,0.42736863890072385,0.4262456861112171
0.5818955176683811,0.5424280640781083,0.6057342971202293,0.5856875396609332,0.6154954065115699,0.5881063439014105
0.6209286815649057,0.6139074474009908,0.6291919932118872,0.67286938339319,0.6926179556127369,0.5736428128423484
0.6242568181578179,0.5874305357057145,0.614876145899208,0.5933662310274449,0.6102508710564553,0.4532414798739788
0.5952296501397742,0.526538484440964,0.5797250948155469,0.43393178598937304,0.4765332009056429,0.40207713995003624
0.5531015912622541,0.5049497297305539,0.5377447862077669,0.2872827750909546,0.35805920813653935,0.48764952988445476
0.5074491968445892,0.4691504843674154,0.49129129231545937,0.19929720644329735,0.26591443920528174,0.5520151055713092
0.46505044038780324,0.4553478182963071,0.45268722989881977,0.27677161600998296,0.3190875714848846,0.510626168507292
0.44261936224538695,0.5265508225677988,0.43039027078859743,0.5048192985109446,0.5327489252695422,0.45583133580524227
0.42836953808460115,0.6159058734110493,0.4150882094484449,0.7147981249447292,0.7382673609938206,0.4675115028202421
0.40844158214458615,0.6054166886172139,0.3936555614361251,0.71776874975313,0.732256484034509,0.4887248188676031
0.39020483287551005,0.5287904378468893,0.3769422803811197,0.5385909205200591,0.5554378307607607,0.4887706560264664
0.37713581820054665,0.492134038075028,0.3724228177823546,0.33621640591300095,0.3820173808571039,0.500439507243251
0.374144381897485,0.5055239107933762,0.3793333922665169,0.24122039973397932,0.31924054173701827,0.5045758194222025
0.40077795737369043,0.513382086579933,0.4054901510853281,0.2711076316980207,0.3442503962298744,0.4657449277763421
0.4595186454477842,0.49828936358808407,0.4601751418533159,0.39028864960038756,0.42395096514193836,0.4492570178655625
0.5329031494830482,0.515672152164753,0.5270828136140799,0.5543304436760107,0.5587053625671142,0.5041856417156987
0.6056116204897566,0.5849269342743547,0.5979141835495401,0.7054880248185971,0.7337277100907144,0.5268317919969152
0.6690744573603487,0.6283347807920175,0.6630795619090596,0.6891275635479295,0.7536176550836593,0.4543521046308478
0.710736373712888,0.5843938698711656,0.7093760580562051,0.47750502615620394,0.5273182474856142,0.4490744152007674
0.7237347220499916,0.45360597541464953,0.7205235256799087,0.21979369724070477,0.21971742398377958,0.5905712380487113
0.7046981305411657,0.3826380951221134,0.7024005472794687,0.20209515672757153,0.18700296444254483,0.5876559671249039
0.6618940215753998,0.5229473407923302,0.6637195925959604,0.47135028474917395,0.5182062818945001,0.3301219008631255
0.605385354634844,0.7026450090419392,0.6097655915526865,0.7457640516589694,0.8627458967510943,0.27879733334366874
0.5374684821346651,0.6504690183399668,0.5364073075466694,0.6990208023904935,0.7915759722679719,0.6132570074896608
0.4500337176807242,0.44141682502872354,0.4460744861946009,0.401516764912556,0.4040249508688222,0.8025609623698533
0.3917820161156468,0.4092513705338196,0.38529061661704633,0.24295227439032346,0.2016334970182335,0.46926929321731853
0.3529413531312016,0.5243571164534028,0.3360540618874106,0.33053894864861016,0.32669667375463673,0.2562601386164393
0.325305567782845,0.5982273142329041,0.29576782313286026,0.5155739967283105,0.5746724459506392,0.45241964344201274
0.31853361582048073,0.5789641414128937,0.28258969228499914,0.6097168311718728,0.7035019848345154,0.629702803321561
0.32702631883991384,0.5468642294283311,0.29466845465067015,0.5766722846360184,0.6500033768051211,0.5156370895282006
0.3493371579026147,0.5121939887695294,0.3257954584998713,0.4512763377826592,0.47764061228570037,0.4282755246354069
0.37993240396301076,0.485508972170495,0.3655265067115309,0.34382144153448174,0.3538008959756131,0.48506929246895175
0.4199594011814422,0.5109839012937781,0.419434898291508,0.34775949972386205,0.38441563024546604,0.5178057207218318
0.4715578871103513,0.5642190227560906,0.48192135243455936,0.4225378431124401,0.4861505421010668,0.49922508867197074
0.5240654704571661,0.5789507736976892,0.538326691378505,0.5072656115536857,0.5612231446880741,0.48015468551304485
0.5708278866188722,0.5316083908458816,0.58328787634718,0.5386502175895768,0.5539881799718426,0.4897119421953544
0.6023897325211811,0.4840528082948376,0.6118591601553354,0.5482744605127067,0.5410617943685369,0.4980289916384465
0.6121789331147314,0.5083098228442202,0.6205258720522249,0.5589539161766215,0.5782257832140678,0.44651794858705324
0.6048714127743833,0.5942312538241102,0.6163032909027366,0.5337171821393278,0.5982131801139896,0.4185013190927634
0.5874841731425438,0.6230292158045998,0.5951383531354042,0.4045583983809518,0.47199961337404295,0.5217950201662764
0.5628942446733008,0.5128511927899808,0.5638303529016712,0.2570329124166452,0.29233199080991495,0.6097397052984509
0.5398350891792963,0.388820128216793,0.5412984186340409,0.2845774257880487,0.31649715493162534,0.4912375134452342
0.5240152547892211,0.44483820747618064,0.5225589188035056,0.47294103551672134,0.5382391248398205,0.3729818200405504
0.5124957383792413,0.6234296408833403,0.5070351738389475,0.6233209820576742,0.6957466560273077,0.44314817079512536
0.5051946234332021,0.6842949565695028,0.48885730476778966,0.5937955141601271,0.6170595369607341,0.548878702134518
0.4878517263060745,0.5571582664810981,0.4670185154106531,0.488647664555466,0.4634894975667611,0.5326490783532206
0.47307066214629273,0.42388506568843165,0.4429905338870846,0.4389243539246983,0.42840642817385427,0.49552983971761966
0.4528870401082283,0.4392259250549724,0.42066475277770793,0.4686072560679644,0.529279765321995,0.46554730165436947
0.43175029262110254,0.572124502091127,0.40627951011689933,0.46633284409144143,0.5801898896252146,0.4414868298914192
0.4263181245282278,0.6528386360530908,0.4074139095447004,0.3798568060934094,0.4715800235204946,0.47873924635622667
0.4314310818600151,0.5597742149063992,0.41956352477409314,0.29241091918729606,0.31234935958258103,0.5679205472667525
0.44906173896848056,0.4099799128439667,0.44102672305705015,0.3462756860727695,0.3230195650603921,0.5472501791402128
0.4775486209504312,0.41850632076101896,0.468580854854876,0.5602405893044498,0.5655492543001145,0.407357032687737
0.5068665585566701,0.5853747052826553,0.5001170218558595,0.7391606645971115,0.8031386761364193,0.4002158400114984
0.5250884359291059,0.6880403956554805,0.5169655932656986,0.674398599297702,0.7487580748693202,0.557628086551265
0.5258266767651787,0.6028709238797383,0.5162144860363652,0.39695727485877025,0.42504267405167745,0.5814683274444913
0.5173358023185293,0.4553688494821204,0.5193822032330286,0.197918408168428,0.19804145936110118,0.4204829143197067
0.50883398318762,0.4151755897039945,0.5207730816654068,0.23765795465418185,0.2661221390488252,0.4268893572941812
0.5020658540686423,0.48414851010680404,0.5197174878639161,0.44004569923386627,0.5148701114054267,0.5801509544519831
0.5032618529390341,0.569332945038426,0.521578667982128,0.5976416283819753,0.6851763498664613,0.5454807767695844
0.5094333726525737,0.6098467242199472,0.5206292340646952,0.6088324328885775,0.6617748112815378,0.416804984729445
0.5146144627419459,0.5849746185966861,0.5155604210775326,0.5098214254181225,0.5114524778730712,0.42306208689254915
0.5098214427806308,0.499763430545381,0.5023369307378355,0.420044938779568,0.39849480381721347,0.5074676777784237
0.4967556530080048,0.45440698081778663,0.4788519237181283,0.4015155899385694,0.39768810968661755,0.5407008470236655
0.4798183372345036,0.5114854646971917,0.45558300445117295,0.45463486298608374,0.5036946615285648,0.5289189634167891
0.4655545650110424,0.5970667037570496,0.44154679380371054,0.512831799826357,0.6211360424463509,0.48075811366445614
0.4607143395075929,0.586279166675508,0.44454539602932097,0.45633206966508605,0.5712938114476166,0.4210316727805431
0.4719993806074959,0.4902531721541594,0.4627979616878698,0.29005082321009423,0.3401643150331067,0.4450780073333716
0.4941443166172999,0.43070162000367584,0.49274063443991234,0.22619266689763104,0.20995585052716353,0.5432738765358346
0.5248567943297039,0.47604681463586906,0.5292784630326973,0.4046108188642015,0.38738250754556275,0.5805049544867633
0.5559544999586487,0.5806860753760807,0.5580447853349549,0.6813082724234354,0.7100594885394088,0.4735354674455053
0.5685836342590685,0.6358152041797065,0.5622834582142733,0.7884849484285212,0.8503622031975809,0.3669053134660678
0.5583104047689216,0.6022625945206291,0.5458162657522521,0.6319480968391441,0.6874919391178758,0.45613097089846694
0.5239420567859695,0.5132713742822361,0.5089814674074279,0.3376136602310474,0.3671704365453532,0.6167675221525507
0.4832423331401477,0.44308302532906774,0.4699338821152655,0.1428013642063958,0.16234082793969518,0.5525625581282068
0.4467031487683036,0.43768638543425803,0.43649433937941645,0.18978769618077407,0.2284635217762745,0.4007167642384231
0.4280698059778354,0.5064247991403814,0.4140377210192171,0.42082670534832944,0.4874430722056451,0.4047803299781626
0.42801589129190876,0.5878465575070096,0.4080820338903252,0.6353118598698002,0.7094142344041163,0.5300659491981355
0.44578196131008285,0.6072066057491728,0.4242150759039269,0.6708373881229127,0.7196664536186149,0.5634156678286035
0.4596422236561499,0.5618010258320022,0.4454899782027649,0.5431988726271171,0.5570443709080097,0.523167124437348
0.4692032829334265,0.4976497775931002,0.4625218738304239,0.3640202007368234,0.3575639000657317,0.4413210398198826
0.46980679160129524,0.4661247595215823,0.4804052489832279,0.29661376675832035,0.3003314305626952,0.3726796167867017
0.4711058059350055,0.5031294557230758,0.4937039388822517,0.3797509839569088,0.4270517737469198,0.47289472061159654
0.4732085526105744,0.5698339624015947,0.5018197374647603,0.5291026294863339,0.6171570183606185,0.671057451883988
0.4881011222439892,0.5975234516574828,0.5162061890287064,0.582754743831176,0.6683617976599574,0.6166499449972983
0.5130838224714525,0.5297867677774593,0.532530122320253,0.46372412080750885,0.4965943602267682,0.3109951955805213
0.5411086352430846,0.4481231482954527,0.5413098100766703,0.31131489869020357,0.29345060343732643,0.25379442133281166
0.5648698982078808,0.4604114339309226,0.5416974735363281,0.3281948367420864,0.3338821311918994,0.5736059515204706
0.5758897456751081,0.5753474742420379,0.545814708149894,0.5370000907825287,0.6200582920994092,0.7645594742169555
0.568476360788533,0.6378498912661505,0.5325488243867522,0.643147658970549,0.7397168278117462,0.5272167024112774
0.540859395251432,0.5818663534059039,0.503749911599657,0.5509795306189024,0.5627348954632025,0.2887501980838029
0.502027732218381,0.48298398284097527,0.4674558448080016,0.3999236249430834,0.3415638861101585,0.3830597259602617
0.459376024253004,0.4522740934356209,0.43318919973687753,0.3844833932062422,0.3684476808705444,0.5953053758869131
0.42569739209596474,0.5328179476206838,0.41006959749460353,0.4702292947162168,0.5716263658795468,0.6276448626896821
0.41050319832856813,0.6015080193492381,0.40372046115984794,0.47742177493461385,0.6286300615113508,0.4616170213815573
0.41471957615337096,0.5493931760192974,0.4127429259251884,0.36473397229825705,0.4389851956984811,0.35698012380816446
0.4370939555231137,0.44748953178603385,0.4383770263293924,0.30766629283808794,0.293906989991822,0.44886092530043503
0.4754550989326697,0.46507318822331595,0.48059027854729325,0.44737360183154445,0.43096441099915334,0.610088538210743
0.5131455639252925,0.5765653828713011,0.5205866809589544,0.6292774561876963,0.6580325859205644,0.5586658303908228
0.5487215855368466,0.6436294545993608,0.5547749289151352,0.6670409811902249,0.7245406350227445,0.4281652948996709
0.5696507536959892,0.5952288760883099,0.5686446785601587,0.5498026914852989,0.5982149687532664,0.44085697590462536
0.5656406253694025,0.49668997670638043,0.5621225307774177,0.3987655125067674,0.4271413072628116,0.5053593463477304
0.5487610735152394,0.4614793074237539,0.5475501090113369,0.33535466426823046,0.3573436902234283,0.4737814819328159
0.5314343252901927,0.49561999705365967,0.5281197219843071,0.3713215736448035,0.39835266792420676,0.4499198605956006
0.5025580939486359,0.5417338332500756,0.4973979213505147,0.4717818117463656,0.5125807191947921,0.5263321052447522
0.4751238993176097,0.5807696368573658,0.4715189405887082,0.5757976125508409,0.6427813257670477,0.5807016215344414
0.460157390872376,0.5941100773271324,0.4565405098726374,0.5726645457184641,0.6497166690512975,0.5210185615082075
0.44928606331112564,0.5317259859208145,0.44562722953551137,0.4278698039288725,0.4715239378281418,0.3660270494886703
0.4426974733701803,0.45185686924867263,0.4392349062780762,0.29738222555801613,0.30420023600991564,0.3559515610672102
0.44515258482576625,0.4809657236581756,0.4415452228073841,0.35358304014607583,0.36562121305312495,0.5365312816034322
0.4584495210863473,0.5782124924580307,0.4477849751223303,0.5358467213522419,0.5775129348838558,0.6743949571986105
0.47964695577817373,0.5971093127275199,0.4628165320542825,0.6498620783699994,0.7010567638624318,0.5140114230667714
0.48929330576386293,0.5452378343464229,0.47232730602855216,0.6175435654277148,0.655360619183232,0.35335539443328307
0.4986644971647563,0.5328222535539411,0.4870359233124097,0.4849318995817683,0.5175681347442052,0.4183896372882999
0.5050457316918071,0.5487291808534308,0.5038885410791113,0.34914517463912653,0.39083272100743793,0.5631371374633416
0.5110789189266388,0.5243300518558803,0.5229535989792684,0.28327621891237476,0.332322250776478,0.5524715549838181
0.5295766115294357,0.46225010996721433,0.5428959680457883,0.3280425074563317,0.3748839941653177,0.43832338874710564
0.5542441946542095,0.45040782171998844,0.5593255273798627,0.45488964372839913,0.4916275002420965,0.45471752171285446
0.579260648363956,0.5419326218361948,0.570562792978098,0.5986028895000465,0.635671326745198,0.5564628536373522
0.6019711014998191,0.6579171916398178,0.5796442663300663,0.6387598244128477,0.6806128015077781,0.510410391305381
0.5982635106830264,0.6314451850107223,0.5760260552901452,0.5301028131929535,0.5612646123236649,0.3754979158322446
0.5781965656001469,0.48891717556584485,0.5568893943154646,0.3662537270044788,0.3872488885689986,0.48387839025226714
0.5461257535513842,0.40900605250652117,0.5299394989653466,0.2974101782285645,0.327411606671488,0.6655207346286601
0.5100345406546288,0.4731347938736105,0.5001733450605726,0.3593227570004909,0.4078717888771091,0.5146553424113408
0.4735944986830581,0.5732262315040035,0.46790314321602783,0.47599541367849374,0.5349121992839854,0.32156860212303306
0.44199040322206967,0.5997778323834241,0.43378472324880357,0.5510382260237116,0.5994482667483148,0.4250692498429952
0.4128930303060828,0.54852624889269,0.39712885992911023,0.5393946387622057,0.5688042783849259,0.6183232320545359
0.3847708978075996,0.49857890009335726,0.37346434183528965,0.4736943861698075,0.49630830035872003,0.5534155866192747
0.36430821854657924,0.5041107265815356,0.3574675378682277,0.40629954699318277,0.4349242908685958,0.4336233831112284
0.35429773959368377,0.5312050726902487,0.34918666483874783,0.3843192131429924,0.42402295593897754,0.43901505566526433
0.35663180939419503,0.5368639981285114,0.35480278388350756,0.4185682912619931,0.46562504054477344,0.5039801397421614
0.3750923992132857,0.535657411474207,0.37355999837015674,0.47041124842185617,0.5148393780389391,0.5158878428663213
0.41102444297266094,0.5347564211718572,0.4083122630276649,0.4932134372284795,0.5307360990996607,0.48635247573805607
0.452421982550419,0.5123162290142701,0.45355158185312144,0.4716141850477173,0.5114039584365451,0.4685607781015167
0.495633944882261,0.503721090055055,0.4999786694452052,0.4293739040422901,0.4807633403626287,0.4822716721225752
0.541594373165872,0.5521975781207612,0.5482998654721806,0.406423602972261,0.46600268630172303,0.5101938826253967
0.5863051088610831,0.5803055861124304,0.599511360863518,0.4057458734544768,0.44801724220244454,0.5030355746850635
0.6225470553522607,0.5252323445279853,0.6306329216883837,0.44358489334315926,0.4465855629064289,0.4602057383811759
0.6472518427441663,0.47609409645489736,0.6405294948050192,0.5420230466324043,0.531976407721429,0.4638126837627202
0.6529098754251086,0.5121991952858346,0.6339239245595003,0.6430749974433648,0.6672113047670324,0.5036797471331985
0.635629171717893,0.5939662480380927,0.6124025828613736,0.6209557536236969,0.689044718861914,0.5119561576196565
0.6030542686877971,0.6152903203864367,0.5795801022994017,0.436258769249523,0.5200054761146307,0.4551104135166294
0.5625933367148566,0.5212514597138974,0.5445701001329035,0.21346211428602505,0.2749277426312438,0.419315007403236
0.5243214451613968,0.4179276886843416,0.5174234486123342,0.1585058137421026,0.1899217820823767,0.49330462810022613
0.5009874994883807,0.44877724806449887,0.4988273963527474,0.35021259053221193,0.37545867076492057,0.6751339921277302
0.48970887121316264,0.5607748030532532,0.48663889377547814,0.6203981093842967,0.6456044338969421,0.6303081849088878
0.475309273917687,0.6238403080189553,0.47052364165569843,0.7745143122900752,0.7991899477001485,0.2197910743887399
0.4538861026191813,0.625903408487925,0.44853026209999464,0.739930885426278,0.7810882674111028,0.1320574073495761
0.4295997342581572,0.5856042827543507,0.42655653746453387,0.5286521611607813,0.5823240714873078,0.6618981042945629
0.39581285180553166,0.47945565581338756,0.39929742340597923,0.23838632639415314,0.27106153701076846,1.0
0.389331814621405,0.3987795987758943,0.39815117621899615,0.1212457085531215,0.13493294505959907,0.48518670007603804
0.4055644516092744,0.4280955584976803,0.4110408626439096,0.28592613315448107,0.3217198499366972,0.06679714064252282
0.44486097262677443,0.5856842971184496,0.44244754820915955,0.5911685369072119,0.6680461801144828,0.36383078711772854
0.5056686269421116,0.6986970694857947,0.49515844175323237,0.7361174087969925,0.8223389745625294,0.7742073432544107
0.5606998768054549,0.6057856668805113,0.5445660261801616,0.571243679685717,0.610541619018179,0.643653299405235
0.5919662831387057,0.40065421968048726,0.5664726516711489,0.29875005571366003,0.2759285440054222,0.31924381379107747
0.49167289543322196,0.5094053669777888,0.447246527977745,0.286201587614774,0.3004349042466409,0.5329151187657288
0.5232652528388155,0.4854857519090219,0.44347901317546073,0.2883895601765575,0.3029366902814414,0.4638947566088633
0.5141936656079924,0.4600906413055631,0.4443137642457142,0.3275693054949665,0.3473279028376558,0.42879316015796254
0.4652994813689857,0.4616796250870083,0.46593978404568476,0.42764372808041456,0.46067115475882,0.4532724346855104
0.4480346349970854,0.5144008642717932,0.5099530667150683,0.5737792986575003,0.6261211765821034,0.5472644636977813
0.48169437973509394,0.5906318654098477,0.5587153225866333,0.707139808517084,0.7771737507562978,0.6021921676735974
0.5276340494529204,0.660459978131984,0.5923474751920639,0.7780261757289141,0.8576519193343602,0.500316481362208
0.5521609774640717,0.6919456098157691,0.5957864632718063,0.7441657717223628,0.819686413729513,0.32109632507966374
0.5325102232013035,0.6623670457040165,0.5617139300732691,0.6137650018986661,0.6723551328708032,0.33872043978387717
0.48176343043078224,0.5857896409777622,0.5013277868796108,0.4210586853513433,0.4543495087823391,0.6085160212551671
0.44812197287860045,0.49307703356417265,0.44125078481688074,0.25390139313838184,0.2652539042272551,0.7456978018967397
0.4737318191355179,0.4088136880589891,0.40108465576810737,0.16678594964078866,0.16696005088796315,0.5207660417878694
0.5199501204172398,0.36666658825065,0.38713804756279885,0.1662497607625695,0.16681956655345823,0.2830786690680835
0.5294232823951952,0.3865239291161742,0.40508387975336135,0.25562511583374237,0.26850825775926057,0.3402347122875029
0.4808628586068025,0.4509701189752687,0.44384770930243284,0.3934974091237733,0.42495354504576344,0.5644540643029697
0.4435277613092096,0.5434191734976566,0.48713608036197764,0.5249890219498056,0.5739809514425261,0.6147283404277917
0.4773332135742937,0.6106329363876589,0.5194731883754529,0.6073807168786333,0.6671747364011361,0.5217148447027193
0.5508153833782968,0.6238795943580406,0.5359971637766079,0.6084069715960772,0.6680024716886981,0.46300628226262497
0.5593272676859317,0.5856342609316383,0.525939592311837,0.5297412150960957,0.5783157128291755,0.45759127504220026
0.4902267351923495,0.5137399261911415,0.49563050004308823,0.4082860850118686,0.44001599595766394,0.4290912788013895
0.44161194255602915,0.44551759236508887,0.46160211026704645,0.29932453033818945,0.3158417281012833,0.4334098510761077
0.47293397888044675,0.40906284926832753,0.4402005354284572,0.2520126837899418,0.261662764746331,0.5735575157669389
0.5269548493347096,0.4115364607976444,0.4423739431763309,0.3034473378171236,0.3195591044997517,0.6541717788083387
0.5268397861703839,0.4656728879470541,0.4752612494357527,0.43982479754738113,0.473937090704979,0.464034596122983
0.47273605128617835,0.5744043748868327,0.5297472980915803,0.6297551304033502,0.6891832233473251,0.2694729446525112
0.44081662406529803,0.6940925519976349,0.5806534645743374,0.7869256089801892,0.8675181524816418,0.39634905800153586
0.49198362220885505,0.789371815027564,0.6122451391071487,0.8697222631825752,0.9617263825166295,0.6730573414721744
0.5745441002675652,0.8042224355200001,0.6135684802149413,0.8168177780732363,0.9022854011442595,0.6748850401257435
0.5724188646696197,0.7184143660150127,0.5726108924873914,0.6533621270025638,0.7175861152319325,0.40070955542196457
0.48563813288757557,0.5718614615055531,0.5077310350422578,0.4241174616992568,0.4583222382280908,0.2969167091030554
0.4262011760978188,0.41132265545428887,0.4366991011906082,0.19519267311193475,0.1993174737803689,0.48487989057975617
0.46623443250976493,0.2861675981213208,0.3744335423852001,0.050761621159057274,0.035929470253962335,0.6835515674237439
0.5335014278829413,0.23937514709910407,0.34272939806760666,0.013597155735075995,-0.006103460416353454,0.5599247478561828
0.5227089782876563,0.2637674300002151,0.345227542086137,0.08126243764824344,0.07052867671265084,0.31799065361567275
0.45781532355359555,0.35193598090280276,0.37908938480844434,0.2425139502692041,0.2531072653688457,0.3702005376266477
0.4441453198090589,0.5039831551189684,0.44705023212174844,0.46451025638375715,0.5043919758327418,0.6213407636720674
0.4994027030666888,0.6458591307559668,0.5246792547249718,0.6467075068249203,0.7103368925066911,0.6254353363711831
0.542205837979146,0.739213166702642,0.578569877779206,0.7653728084370293,0.8441644510831693,0.4328273703541495
0.5415192126793462,0.7622836592323046,0.6107268072082562,0.7984314863626671,0.881004637711803,0.39024038169652664
0.5088065421018356,0.7077316731883329,0.6084642700417509,0.7373044422287415,0.8112331516652229,0.5288745527422866
0.47506410222904244,0.6081515523329175,0.5707706060072198,0.6046139579321488,0.6604214515892289,0.55494261693736
0.4696448301029932,0.5188215092357195,0.5209274636336545,0.46085779127638504,0.4971778323328506,0.4517306872082428
0.5011081992436701,0.4579924996383953,0.4752714147694938,0.351639411305439,0.3732425474275146,0.42969212534011003
0.5259325250293279,0.44213091485488776,0.4508658725989987,0.3071090088331972,0.3229074011292521,0.4950917116359843
0.5077530632477417,0.4662163267510024,0.44880792979456463,0.3303088336462616,0.34964711387616254,0.538291557141663
0.4684977688375077,0.5171132960210123,0.4681997432038938,0.41204388455415397,0.44314082494620693,0.501835163202932
0.4762561565407593,0.5769901703236047,0.5026747282558598,0.5190036024203218,0.5656483140846474,0.4618745250977809
0.5205279566268612,0.628170562106119,0.53927939070882,0.6223372665686953,0.6844177340204177,0.46611090051573084
0.5238948742465086,0.6455946869870779,0.5612164962032239,0.6635415575357736,0.7328615911001406,0.4747082797583722
0.4829447918812136,0.6149839752071902,0.5531169291131389,0.6145891630090529,0.6789848269411475,0.4697576644617685
0.48404863286816313,0.5412449785041039,0.5157002874513625,0.4945506549902532,0.5441654600713366,0.5067975818275703
0.5332058633748435,0.4398367433395251,0.4586256282669478,0.34266091958693745,0.3726362265371682,0.562557474025909
0.5407001861026897,0.355464262966837,0.4018054041304376,0.21560029906102,0.2280167328424604,0.49693467889151016
0.45793604913805863,0.3295002288224868,0.36775068023293295,0.15420600460968922,0.15588092317280172,0.3496819352873792
0.39346399133117166,0.37046172314484244,0.3667646709510732,0.1790518578310429,0.1792326498712524,0.4090364514994772
0.4597515038004819,0.4545499638812612,0.3976402622997347,0.27886262325751976,0.28637694142581843,0.6464155406638796
0.5872936475021091,0.5653557518580268,0.46106989110719915,0.416729316914621,0.43768163065705173,0.6773098614503026
0.5895895882717745,0.6307330105692783,0.5166839906786737,0.5332083593147772,0.5680536671757758,0.3937425656899691
0.4808123362379024,0.6655952491483076,0.5636035695205978,0.6357387188351868,0.6865190226544676,0.27684664323334945
0.42338672075486317,0.6832130232814305,0.6016582125759473,0.7277531329466448,0.7970586442315907,0.5036781042056737
0.4695925612702527,0.6817016619892313,0.6149531734492562,0.7649947646569553,0.8486846949991558,0.691572517882627
0.5315774587626596,0.6601651225676074,0.6046368317882865,0.7340350467089586,0.8197150367830905,0.5429845082311795
0.5392076596478074,0.6145024107455651,0.5716077119334763,0.6504387727123234,0.7272382099457989,0.3333862148132211
0.5185290740201061,0.5462337441842684,0.5246150123216806,0.5246116439346993,0.583233844370854,0.3835662377879755
0.4964058372518983,0.4712985867191854,0.47151057831938237,0.3833378699344335,0.41853942790197873,0.5869765296970524
0.47268287130096276,0.41081611492460035,0.4214677529737648,0.2490478303670646,0.2607225223927289,0.6376890011278185
0.4592028567497042,0.38466551980199154,0.39062873423101624,0.19117471180490775,0.19089428022307503,0.4710266264656169
0.48950218100920123,0.4003728414597546,0.3871951156999501,0.21828346462465245,0.2197353797296513,0.3535106785296373
0.530092231688379,0.4352557589053256,0.4069931787274657,0.2763350336020858,0.2853159733892091,0.4162622310242019
0.5176839823859928,0.4814961921997949,0.43821549957115574,0.362182599543569,0.3834273009430821,0.5581863285662518
0.47357675491595674,0.5362340368216306,0.480923646230729,0.4666652205957212,0.5032095353581079,0.5682556109871806
0.4667413862283386,0.587853831893605,0.5277283376822075,0.5548748157664036,0.6046928982173099,0.5005925933900279
0.4993670590995467,0.626625375077866,0.5640206784407693,0.6209352785626217,0.6808178962089683,0.45601502479499395
0.529635159657739,0.6463608900750161,0.5811557232522238,0.6453245763255631,0.7091219489293137,0.467754315399355
0.3147705645486035,0.147887045958952,0.28418600088251955,-0.1241161266070442,-0.1668669496192347,0.7264108706628378
0.376036115468903,0.3254598408399798,0.3620036005276704,0.18756962036510688,0.18827665531529503,0.13067657041967393
0.49626208298406066,0.5849887485959999,0.49436737358673877,0.6135990314883331,0.6735875318724426,0.35449763808941187
0.6138137333241118,0.8117840573116484,0.6198048248597264,0.9261649565728166,1.0294259660608338,0.9225418300865852
0.6884741231712845,0.8925701951316473,0.6969038584141364,0.9854071182928877,1.096594023754441,0.5503142410030143
0.6743138546892488,0.8231749651739153,0.6846825363716295,0.7985046727671475,0.8835747848672438,0.11700605669147505
0.5908972572190131,0.6526886211343421,0.5878930385838268,0.4979186758305781,0.5415382038248951,0.4748928698913455
0.477055703754947,0.45432783449687325,0.45900465555370046,0.24607440466583547,0.2553993094781678,0.75383365215578
0.3862980994388127,0.2926362885898845,0.34883731692407466,0.07827690048822948,0.06494329062709048,0.4750646687012408
0.33355144328727626,0.2081381656988822,0.2838574061447866,-0.008859478417219194,-0.03417514230771348,0.3202896300235058
0.3259531742040413,0.21879545923132376,0.292597016626589,0.04011767393328596,0.021151612501118747,0.4908304323997693
0.36090966028392285,0.33605600691385246,0.3848967589113571,0.27689522582577614,0.29007690591960655,0.6412767166872739
0.45015932445409096,0.5235671797602347,0.5178109456106194,0.6225618628326176,0.6831157355445039,0.47840082627273345
0.5665753580774833,0.735838619307834,0.6284643886055606,0.9318948559490162,1.0350605352226887,0.3348325321731702
0.6799099111804159,0.8809253260506789,0.6875744814755937,1.0565844295350126,1.1769847996294802,0.4920413415329264
0.7254943874187041,0.8861014925284851,0.6727628746038878,0.9193250978032116,1.0207024663823303,0.6544187366175324
0.6670800457409333,0.7402471664837573,0.5858825091662978,0.543373567920791,0.592648846085422,0.49817465042608383
0.5262117726515328,0.49784736185125755,0.4637554067747462,0.13794798323849625,0.13121467667652364,0.3754214706972501
0.3776269739610885,0.2987206529881205,0.36404672649711867,-0.05238739780312429,-0.08496179983377236,0.4663760197433943
0.3033120772519774,0.24332860744922286,0.32602689592695333,0.027874920039002743,0.007135892048157762,0.5769126232927897
0.3299783382935235,0.32184627955762257,0.3620443771780371,0.2754113762162466,0.28943224033361153,0.5009553326045892
0.4210447142624896,0.46537691203952264,0.44327827417449256,0.5432116170000754,0.5942192409298448,0.3973665990604204
0.5259531766503253,0.5981298862805717,0.5340478875278167,0.7021783775658992,0.7745633603398389,0.4898424143011014
0.6001664004001038,0.6809424794024623,0.5958045684014072,0.7535761756182481,0.8323255197820125,0.6180182519014792
0.6273715111050737,0.7046479015713065,0.6125506336516102,0.7356065346929093,0.8114071298797694,0.47152437595335955
0.6039854758890084,0.6620097337983669,0.5761498049481019,0.6132522774976382,0.672007143001348,0.3448410592898399
0.5341466978753765,0.5576834494755246,0.5060912723285826,0.39956110600887806,0.42889745435332977,0.5228176375515731
0.4453757030629986,0.43734038330030267,0.4406893612657718,0.2157367276859344,0.22000722799604422,0.604172395099234
0.39022549219298314,0.3784439949747632,0.41048342351886014,0.17502636050570317,0.1741806549135145,0.44328049799276076
0.393171922431257,0.400970252269693,0.41044250391353443,0.2777933053321132,0.29155789625495443,0.40376268561531287
0.4497177739872201,0.479839818268064,0.44060476544614946,0.44302175664121146,0.4795652221130202,0.5295312340394568
0.5181291169921574,0.5664636688220608,0.4905558500934937,0.5701106624364279,0.6235320280667606,0.5454315629477411
0.5642938830158075,0.6248777036917181,0.54046313717673,0.6147338381634172,0.6732319795871404,0.42559718859622514
0.5798416905521524,0.6535016047748172,0.5685954913399955,0.6232324225825472,0.6819884900508743,0.4429169985515317
0.572849462797203,0.6633882362364445,0.5765001187227379,0.6485372070073782,0.7105119703780858,0.6178689231376544
0.5578210816607034,0.6357602002868834,0.5637600941115046,0.6286515882666621,0.6883258514943085,0.5102974441067721
0.5259116477594427,0.5745403052131247,0.5211946091686847,0.509242566340674,0.5534230120238846,0.281696052519567
0.4768660150777356,0.4869943162469427,0.45826708153555296,0.3494716642815051,0.37306259631446703,0.47619894255641015
0.4215614687690872,0.40239951178085126,0.41515172549146534,0.23017280648473212,0.2391138890494261,0.7545857375748346
0.3798506943084501,0.3484346831103319,0.4015181568642684,0.1888989618139469,0.1939008026013246,0.5495485317119697
0.38161336152461633,0.35875793293370795,0.41549683811766963,0.2437621119832386,0.25753008391339066,0.26553944706434923
0.4407791177890359,0.45231563435486505,0.4568027953157017,0.3893411367280108,0.42296252537822154,0.31412395941325594
0.5388825903504824,0.5968165429762144,0.5138475449725031,0.6005913011136528,0.6612572590943825,0.6397690884634709
0.6280622614391419,0.7260940832046446,0.5701602306770083,0.7704256262399063,0.8500393525090322,0.7358305460976461
0.6495914335105358,0.7515625881809578,0.5923888896863148,0.7615267997004862,0.8340493134158864,0.41743749554632037
0.5932038525066395,0.6647913751676543,0.5710160527862558,0.5917063370458617,0.6358220590759593,0.27429197565629737
0.5000254561012024,0.5323416867776866,0.5150361893514319,0.3969244095709499,0.4135042520258533,0.5539819354592181
0.4220484215598282,0.4298761802701862,0.4533484056440456,0.2902103936917523,0.2993055302462245,0.6119554560682339
0.3963867757059065,0.39579167535771137,0.40895783395738683,0.2794378960043868,0.2991781752235557,0.42160925950682826
0.4149099315937799,0.405443583174332,0.39314614331750014,0.301122938250853,0.3308402444900797,0.4219993593077056
0.4428846462732746,0.43030143996154474,0.41010847861300664,0.3242065436581546,0.3560835278576839,0.5577787904307084
0.47471626804992684,0.47527601824216453,0.46545194551669716,0.38208835560922844,0.4168450935268489,0.5221744372863992
0.5053736542474485,0.5470716556611023,0.5262398888827687,0.5065839553572514,0.5529851036501416,0.443044318497624
0.5409536834620616,0.6297302306736073,0.5634128277689237,0.6596243929105455,0.7232769765442186,0.4797536459362379
0.5732375681734099,0.6861912020951647,0.5731990452882575,0.726331801819077,0.7974640228175814,0.512904898138174
0.5788693127910322,0.6649234089513981,0.5563045839246288,0.6299124799497562,0.6871933844111764,0.47800405248071215
0.5401552032817712,0.569066915407544,0.5118204239106411,0.4286443525094157,0.4585518566255859,0.48370536099751615
0.4804382133747071,0.4582331460490846,0.4674580967155264,0.2820302467390175,0.29302857051271236,0.4857913896761732
0.4341239180614253,0.40476716527478623,0.44365425522972857,0.2788960094619566,0.29160857909944754,0.4945570904942804
0.43580454510448996,0.442274937894873,0.44262746863392965,0.37555176281791797,0.40373644721425556,0.5115096548983219
0.47206284747011884,0.5297346998428173,0.46380770351207634,0.4924359758956124,0.5380925105893746,0.45208836958127335
0.5093487952156694,0.5971694040670201,0.48651646933624093,0.5486514372710548,0.6021591929474094,0.46257268972223464
0.5299311173974961,0.6049200869711788,0.50026964580792,0.5146501114770331,0.5624553730877958,0.5402705441205317
0.5188282043898746,0.5578879441622979,0.5073894205740075,0.46533609202553783,0.5051325814696558,0.5245676512379105
0.5015456184769546,0.5065977477302412,0.5106688647480838,0.44491612474004977,0.4811312895458373,0.4543693941067209
0.48477003330773144,0.48416486255580504,0.5027165413920768,0.43573880483550015,0.4704366634609995,0.4368656979702644
0.482894613121804,0.4933068766784153,0.49003763524384547,0.4327231299542379,0.4672163634452026,0.477537528685743
0.49176970515046214,0.5213107136295585,0.482911309769627,0.45754705660207856,0.49607483302683325,0.5775551935627572
0.5032205687690109,0.5426232542604434,0.4824528665055301,0.4801536235271821,0.5224174776305689,0.5182003775466045
0.5028590363852495,0.538495303629455,0.4718176155230226,0.4533624473367198,0.4920548037919664,0.3730381173721958
0.48759878618266805,0.511560317443022,0.4513834993584778,0.410333698219702,0.44279585089531526,0.48268284403248124
0.47075659980764223,0.5009320729690055,0.4486770707832928,0.3892945465384308,0.41836078056674825,0.6089572780717779
0.4676651470386848,0.5073911591242446,0.4650724957285169,0.3868366615404345,0.41493504594467084,0.45108704848986425
0.4784947554194658,0.5299444317643885,0.49451408836253835,0.4266275736743076,0.4597529387086322,0.4465000112791835
0.5010508657557298,0.5639599432027855,0.5368090969447601,0.5083376561760228,0.5526109816913939,0.5471395991219881
0.5251269919498883,0.5804834536813385,0.5711101637256102,0.5993441482200565,0.6563873173410336,0.4402581506783475
0.5511483466064832,0.6098997470238084,0.5887541170274428,0.6701107730863327,0.7373930656136276,0.4676893496609318
0.5734513209116482,0.6414355982730585,0.5800992322503437,0.6934516999821362,0.7645033957318296,0.6003099406527952
0.5753491534736067,0.6505067804728227,0.5478329226389542,0.632637928542801,0.6955747235669283,0.4316427261421709
0.553181457702251,0.612820908852376,0.4900982978237019,0.46772736109840246,0.5076376925011301,0.38316716631277964
0.4999145951109308,0.5182854061910713,0.4319292981685408,0.28978499287740367,0.3047256375416529,0.5987523030310873
0.4430058667904658,0.41605390685718596,0.3991604349792596,0.20702604089356214,0.2104937075690589,0.6065041886926983
0.40664659398592223,0.35359601690247705,0.39065688690432415,0.21681763907027765,0.2217990816932488,0.3916028572397265
0.3954285978377302,0.3576222439422524,0.407185545746312,0.282604756064072,0.2967548260296264,0.35680114268124
0.42191061116785655,0.42831235595263895,0.44768164911732244,0.3927517708234028,0.4220982395215002,0.5346328925569768
0.4699246702493497,0.523463521911552,0.5019714484657435,0.5328343423648347,0.5815104601799113,0.6342047281344683
0.5245432854585877,0.6177364835862537,0.5529363353865208,0.649120687502749,0.7137460324753844,0.48832182302891186
0.5702908983720972,0.6768374094673003,0.5824622764524485,0.6805279336775896,0.7491314337885598,0.3527925076149322
0.5875503180207801,0.6853807478260385,0.5767003195802592,0.6304874233650575,0.6917416897699938,0.4653466004373034
0.5738564434399379,0.6475452826077577,0.5480714654912897,0.5427022040693874,0.5916287695125114,0.5994695037245755
0.540629797376592,0.5709653634357272,0.507100469759332,0.4484445624667332,0.4845028666628345,0.5154756907275951
0.4908541356830479,0.4866413611891452,0.4662937790376706,0.36877101565254017,0.39426259357262683,0.4117919365216069
0.44889242385110734,0.4321917090969314,0.4330301321899802,0.3237160313728658,0.34355906702269423,0.47897710639877433
0.4278490381028659,0.4163500173710934,0.4211415686479611,0.31895615068268884,0.3386407559442657,0.525798401168901
0.4367960958415295,0.4465492088072533,0.4276998006596632,0.35887887213596403,0.38429732306883646,0.4880886009304342
0.46700849980236797,0.4942726678808202,0.4480821659422478,0.41204124465021796,0.4444691575617309,0.45994522741038407
0.4948561092968975,0.5322276590633235,0.47353398750753956,0.4369683145439472,0.47179162852669687,0.4773292721581284
0.5068753801560844,0.5478165174229778,0.5045924565867457,0.45749282152756043,0.4938349725327039,0.4994099755366568
0.5100124952733466,0.5600005070252119,0.5405515765581462,0.5203895157091437,0.5645244590115696,0.5158929462479867
0.5223240247282721,0.5768059001735454,0.5637179289171244,0.5895527222828779,0.6430191381148999,0.5126077808187963
0.5423179417197606,0.6068593756385674,0.576786404322359,0.6406857848787331,0.7018284885381884,0.47352005948341824
0.5589909709339526,0.6324254041086507,0.5634179955087871,0.6443695566724077,0.7074107308085749,0.40840504801711947
0.5477889159245319,0.6088917828778283,0.5138378789200578,0.5477332149270546,0.5991620310413713,0.4874441865814001
0.4990503477164362,0.5151314925563104,0.445357470906149,0.38363887572316135,0.4142600262724785,0.6380878725827066
0.4345013068420739,0.40125341974546963,0.3872598476280802,0.19894409389329218,0.20559776770796442,0.47571987428667045
0.39027358376576593,0.3224661973366415,0.338697080193912,0.029199184615449375,0.013103964880113167,0.295670020585409
0.3751704992422687,0.3153838588811063,0.3312411668536274,0.04006788735238621,0.02521203135308748,0.5420895491519555
0.405507373088756,0.40655176664092874,0.3835331478710989,0.2533925636508199,0.2663623683027677,0.6996375804892245
0.45328841172673473,0.5030603775319676,0.4518991392578997,0.48487321512944703,0.5254548493979573,0.41409631228485516
0.50439971138148,0.5925723754328561,0.5259488304065356,0.6520943282833133,0.7096747352808926,0.3316941970213024
0.5520719941654882,0.6543008774877961,0.5900911860226818,0.7600186605068527,0.8272881170869543,0.5519926346405846
0.5863700385510265,0.6866168789047742,0.6291061913485607,0.7930920445894837,0.8640572462036848,0.5809962181652509
0.6032083803545772,0.7011194017584002,0.6369305935677283,0.7565538082393377,0.829609080694064,0.4697737513728695
0.5990816205967552,0.682842277680657,0.6111919013585695,0.6720696028083174,0.74582291490464,0.4462737445257669
0.5710763010100811,0.6316382742415138,0.5580633021153908,0.5317649927592195,0.5935846700020083,0.4510361188693251
0.5220655468365972,0.53480346093004,0.48543119697770926,0.33625885859631766,0.3702025948601973,0.49933729232511537
0.45484648952913664,0.40783732635078607,0.4122946995475136,0.15556482769239915,0.15904783782106274,0.581114241762366
0.3919705412570964,0.29525498228675634,0.35911052443787234,0.05067882988104939,0.03306691770304243,0.5365509581580297
0.3507150985175643,0.24606511621057814,0.33553376749740343,0.038157566756115306,0.013653574484766414,0.3816470153859883
0.35550810965460733,0.3128717507377989,0.35593549999434027,0.18599699881261297,0.18044931450456242,0.37118102525413604
0.41306753630153487,0.4748641666639892,0.4202746878022028,0.48476448751186085,0.5225773183361567,0.5637290507895532
0.5048776446582383,0.660157770671389,0.494195823759307,0.7796889377370013,0.8619468081089574,0.6451217043388238
0.5914730341329715,0.7632124202973368,0.5527667864273392,0.8911586552361969,0.9912703654771127,0.4323851989726514
0.6284843919443421,0.7511168177454044,0.5733572372916808,0.7632729864369535,0.8456677800917863,0.38439302848524143
0.6008024299027441,0.6313861115923659,0.553268698143384,0.48614269850974384,0.5282255070565809,0.5489231549082704
0.5229829753574472,0.48473978795173783,0.5267215060012413,0.25473005565706364,0.26281956453847144,0.54134010935996
0.44690231915575257,0.39453456361877953,0.5097098064181896,0.19258706251841837,0.19155533010321554,0.42057374288993
0.42066121646675514,0.41579623348530165,0.5095560586627773,0.3061477730989091,0.32203805896272364,0.4698868068415159
0.456895050945009,0.5218010780792711,0.5281004437409147,0.5304188272284356,0.579759777977358,0.5271623233847421
0.529791842864054,0.6517969044293185,0.5552826787531393,0.7480383244009965,0.8299188021438267,0.5012634358639467
0.5832144157129889,0.7117650879064759,0.5538069194747274,0.7991128876593036,0.8888696042776256,0.45651847826888275
0.5865786463887463,0.6650749523194576,0.5097794517501456,0.6398107263287586,0.7062007994617951,0.4745811356055792
0.5346626159014015,0.5340872422852266,0.4482627908777375,0.3644487699060981,0.3901553809632668,0.559552402061309
0.45523217900340146,0.39055771203962014,0.3958014509739922,0.13156689366226193,0.12274060645963267,0.5304882658529964
0.3975858760281354,0.32035940280213965,0.36463376423335186,0.05388726734934108,0.03333076696638662,0.37998129456356655
0.3814613493268983,0.3352516018331449,0.3769720286551545,0.17251978857863934,0.16904152569178235,0.3876899043926237
0.4173463716162512,0.42292654472826274,0.44096490289542145,0.4214578192764088,0.45404829140208514,0.6392484901772661
0.4907914738538077,0.5592378414616185,0.5359122717183594,0.6683185940748851,0.73649424781794,0.6523359574682327
0.5701175873834273,0.6886955891168498,0.6155365472197287,0.7939504589917409,0.8799400883257229,0.28324279158445625
0.6240988894878791,0.7850280539015217,0.6523565436029485,0.8214627927258452,0.9112725403564138,0.27775218370225596
0.6392072394332724,0.8176816638790146,0.6477266958562059,0.7796448301837142,0.8637617559218043,0.7422905299461973
0.6064561174369941,0.7358836922246891,0.5890667463246632,0.6462629105819989,0.7117412339314172,0.6962964515128822
0.5302992199000485,0.5576678010881774,0.4863232825161137,0.42211713606908163,0.45572422541722374,0.24302975054073125
0.4308736592332774,0.3566547910721687,0.3862298341350114,0.18191378924809654,0.18096450453947813,0.3967446393097354
0.3511949444171921,0.22016738945336936,0.32322153026761896,0.018119163262929,-0.0066756361827561865,0.7021054025094889
0.324985380244117,0.2245481555247605,0.32036811617032473,0.046544826507600584,0.02563652132445081,0.4313771867984349
0.37811285212675644,0.3650581464657473,0.38780158044885854,0.2766843979342159,0.2888795211865609,0.2829316333580359
0.49193687761169597,0.5692744896213746,0.5050956077320072,0.579511614087899,0.63515963333388,0.6585072810887107
0.6173474579393535,0.7478016859225501,0.6245121243680006,0.7853155632422344,0.8700666534960309,0.69986046234888
0.6970928939853726,0.8499394992216532,0.6927560842630974,0.8552306813739607,0.9494801475285298,0.28095165015422807
-3.418681213693456,-2.0710033249145074,-3.0367549586468114,-1.11952489543203,-1.0595422287567242,-25034266.355474558
3.449089146552742,1.8189836286507577,3.141085008624856,1.312780714574838,1.0647299097379195,26106919.81379149
